{"cameraMode":{"drawMode":0,"name":"Shaded","section":"Shading Mode"},"sceneLighting":true,"audioPlay":false,"sceneViewState":{"m_AlwaysRefresh":false,"showFog":true,"showSkybox":true,"showFlares":true,"showImageEffects":true,"showParticleSystems":true,"showVisualEffectGraphs":true,"m_FxEnabled":true},"in2DMode":false,"pivot":{"x":0.1666385978460312,"y":1.32845139503479,"z":2.0291390419006349},"rotation":{"x":0.06025923416018486,"y":-0.023640993982553483,"z":0.0013696966925635934,"w":0.9979352951049805},"size":1.6590653657913209,"orthographic":false}