{"cameraMode":{"drawMode":0,"name":"Shaded","section":"Shading Mode"},"sceneLighting":true,"audioPlay":false,"sceneViewState":{"m_AlwaysRefresh":false,"showFog":true,"showSkybox":true,"showFlares":true,"showImageEffects":true,"showParticleSystems":true,"showVisualEffectGraphs":true,"m_FxEnabled":true},"in2DMode":false,"pivot":{"x":352.3368225097656,"y":-246.7958221435547,"z":1161.4276123046875},"rotation":{"x":0.13928796350955964,"y":-0.03384014964103699,"z":0.004631348419934511,"w":0.9897282719612122},"size":630.0501708984375,"orthographic":false}