{"cameraMode":{"drawMode":0,"name":"Shaded","section":"Shading Mode"},"sceneLighting":true,"audioPlay":false,"sceneViewState":{"m_AlwaysRefresh":false,"showFog":true,"showSkybox":true,"showFlares":true,"showImageEffects":true,"showParticleSystems":true,"showVisualEffectGraphs":true,"m_FxEnabled":true},"in2DMode":false,"pivot":{"x":499.976318359375,"y":236.77655029296876,"z":-285.26507568359377},"rotation":{"x":0.094025157392025,"y":-0.023296954110264779,"z":-0.0022011944092810156,"w":-0.9952920079231262},"size":54.042118072509769,"orthographic":false}