{"cameraMode":{"drawMode":0,"name":"Shaded","section":"Shading Mode"},"sceneLighting":true,"audioPlay":false,"sceneViewState":{"m_AlwaysRefresh":false,"showFog":true,"showSkybox":true,"showFlares":true,"showImageEffects":true,"showParticleSystems":true,"showVisualEffectGraphs":true,"m_FxEnabled":true},"in2DMode":false,"pivot":{"x":-0.9338908195495606,"y":2.9339287281036379,"z":0.4793834686279297},"rotation":{"x":-0.18198886513710023,"y":-0.39104557037353518,"z":0.07923087477684021,"w":-0.8987438678741455},"size":2.107593297958374,"orthographic":false}