{"cameraMode":{"drawMode":0,"name":"Shaded","section":"Shading Mode"},"sceneLighting":true,"audioPlay":false,"sceneViewState":{"m_AlwaysRefresh":false,"showFog":true,"showSkybox":true,"showFlares":true,"showImageEffects":true,"showParticleSystems":true,"showVisualEffectGraphs":true,"m_FxEnabled":true},"in2DMode":false,"pivot":{"x":-0.2802255153656006,"y":1.7500070333480836,"z":-0.8618312478065491},"rotation":{"x":-0.007199314422905445,"y":0.10309688746929169,"z":0.00028257747180759907,"w":0.9947752952575684},"size":0.3785686492919922,"orthographic":false}