{"cameraMode":{"drawMode":0,"name":"Shaded","section":"Shading Mode"},"sceneLighting":true,"audioPlay":false,"sceneViewState":{"m_AlwaysRefresh":false,"showFog":true,"showSkybox":true,"showFlares":true,"showImageEffects":true,"showParticleSystems":true,"showVisualEffectGraphs":true,"m_FxEnabled":true},"in2DMode":false,"pivot":{"x":82.80229187011719,"y":7.321281433105469,"z":-137.06370544433595},"rotation":{"x":-0.01133681833744049,"y":0.8414126038551331,"z":0.017675885930657388,"w":0.5400139093399048},"size":27.503267288208009,"orthographic":false}