{"cameraMode":{"drawMode":0,"name":"Shaded","section":"Shading Mode"},"sceneLighting":true,"audioPlay":false,"sceneViewState":{"m_AlwaysRefresh":false,"showFog":true,"showSkybox":true,"showFlares":true,"showImageEffects":true,"showParticleSystems":true,"showVisualEffectGraphs":true,"m_FxEnabled":true},"in2DMode":false,"pivot":{"x":-0.11789846420288086,"y":93.37580871582031,"z":3.274614095687866},"rotation":{"x":0.0031082616187632086,"y":0.994144082069397,"z":-0.030145997181534768,"w":0.10387725383043289},"size":12.12435531616211,"orthographic":false}