{"cameraMode":{"drawMode":0,"name":"Shaded","section":"Shading Mode"},"sceneLighting":true,"audioPlay":false,"sceneViewState":{"m_AlwaysRefresh":false,"showFog":true,"showSkybox":true,"showFlares":true,"showImageEffects":true,"showParticleSystems":true,"showVisualEffectGraphs":true,"m_FxEnabled":true},"in2DMode":false,"pivot":{"x":-9.688996315002442,"y":5.338230133056641,"z":-37.78083801269531},"rotation":{"x":0.0021861649584025146,"y":0.8894389867782593,"z":-0.004285160917788744,"w":0.45698025822639468},"size":6.355299472808838,"orthographic":false}