{"cameraMode":{"drawMode":0,"name":"Shaded","section":"Shading Mode"},"sceneLighting":true,"audioPlay":false,"sceneViewState":{"m_AlwaysRefresh":false,"showFog":true,"showSkybox":true,"showFlares":true,"showImageEffects":true,"showParticleSystems":true,"showVisualEffectGraphs":true,"m_FxEnabled":true},"in2DMode":false,"pivot":{"x":3.5275955200195314,"y":1.5648858547210694,"z":5.282379150390625},"rotation":{"x":-0.05318102613091469,"y":0.13821296393871308,"z":0.007179498206824064,"w":0.9889255166053772},"size":1.1045194864273072,"orthographic":false}