{"cameraMode":{"drawMode":0,"name":"Shaded","section":"Shading Mode"},"sceneLighting":true,"audioPlay":false,"sceneViewState":{"m_AlwaysRefresh":false,"showFog":true,"showSkybox":true,"showFlares":true,"showImageEffects":true,"showParticleSystems":true,"showVisualEffectGraphs":true,"m_FxEnabled":true},"in2DMode":false,"pivot":{"x":-9.218503952026368,"y":2.111053228378296,"z":-6.645636081695557},"rotation":{"x":0.012071418575942517,"y":-0.9199850559234619,"z":0.02779841423034668,"w":0.39073869585990908},"size":7.2529778480529789,"orthographic":false}