{"cameraMode":{"drawMode":0,"name":"Shaded","section":"Shading Mode"},"sceneLighting":true,"audioPlay":false,"sceneViewState":{"m_AlwaysRefresh":false,"showFog":true,"showSkybox":true,"showFlares":true,"showImageEffects":true,"showParticleSystems":true,"showVisualEffectGraphs":true,"m_FxEnabled":true},"in2DMode":false,"pivot":{"x":21.120243072509767,"y":2.17472243309021,"z":-23.183069229125978},"rotation":{"x":0.015397624112665654,"y":-0.9760792851448059,"z":0.07364721596240998,"w":0.20407305657863618},"size":0.8660253882408142,"orthographic":false}