{"cameraMode":{"drawMode":0,"name":"Shaded","section":"Shading Mode"},"sceneLighting":true,"audioPlay":false,"sceneViewState":{"m_AlwaysRefresh":false,"showFog":true,"showSkybox":true,"showFlares":true,"showImageEffects":true,"showParticleSystems":true,"showVisualEffectGraphs":true,"m_FxEnabled":true},"in2DMode":false,"pivot":{"x":689.7333374023438,"y":412.4198913574219,"z":654.2450561523438},"rotation":{"x":0.05216468870639801,"y":0.009582948870956898,"z":0.0005078919348306954,"w":-0.99859619140625},"size":740.2813110351563,"orthographic":false}