{"cameraMode":{"drawMode":0,"name":"Shaded","section":"Shading Mode"},"sceneLighting":true,"audioPlay":false,"sceneViewState":{"m_AlwaysRefresh":false,"showFog":true,"showSkybox":true,"showFlares":true,"showImageEffects":true,"showParticleSystems":true,"showVisualEffectGraphs":true,"m_FxEnabled":true},"in2DMode":false,"pivot":{"x":-1.6340830326080323,"y":-0.2901403307914734,"z":-6.575076580047607},"rotation":{"x":0.005046948324888945,"y":-0.9720892310142517,"z":0.23356953263282777,"w":0.020015675574541093},"size":6.9195237159729,"orthographic":false}